https://upload.wikimedia.org/wikipedia/commons/thumb/2/26/Rowan_tree_20081002b.jpg/1200px-Rowan_tree_20081002b.jpg,
https://cdn.shopify.com/s/files/1/0059/8835/2052/products/Autumn_Purple_Ash_450_1024x1024.jpg?v=1549690863,
https://www.tree-land.com/wp-content/uploads/2017/03/texas-ash-tree-fall-color-treeland-nursery.jpg,
https://www.uky.edu/hort/sites/www.uky.edu.hort/files/pages-attachments/famericana.jpg,
https://previews.123rf.com/images/donyanedomam/donyanedomam1802/donyanedomam180200029/96031283-green-ash-tree-with-sugar-maple-tree-in-the-background-with-fall-color-and-snow.jpg,
https://www.thespruce.com/thmb/ZxveD54JCWUgjtnwy-ubb3MFT5w=/450x0/filters:no_upscale():max_bytes(150000):strip_icc()/GettyImages-738780039-59e60bcdd088c00011c1c689.jpg,
https://cf.ltkcdn.net/garden/images/std/199961-425x274-Green-ash-tree-in-the-fall.jpg,
https://www.uky.edu/hort/sites/www.uky.edu.hort/files/pages-attachments/fraxamertree.jpg,
https://beasmartash.org/wp-content/uploads/2017/10/DSC_1217.jpg,
https://i.pinimg.com/originals/63/6a/15/636a15a78ef72ddbd7fcaa5ff0c5c5fd.gif,
https://previews.123rf.com/images/donyanedomam/donyanedomam1711/donyanedomam171100217/89088692-green-ash-tree-with-sugar-maple-tree-in-the-background-with-fall-color-and-snow.jpg,
https://hort.extension.wisc.edu/files/2014/11/ash-tree.png,
https://i.pinimg.com/originals/3e/39/f6/3e39f6f1dfdef7e174b48d2b538beb13.jpg,
https://c8.alamy.com/comp/ACPRCK/this-backyard-ash-tree-is-beautifully-colorful-in-the-fall-its-crimson-ACPRCK.jpg,
https://cdn.thetreecenter.com/c/uploads/2014/06/autumn-purple-ash-1.jpg,
http://forestry.ohiodnr.gov/portals/forestry/images/trees/ash/ash_wh_tr_lg.jpg,
https://cdn.hswstatic.com/gif/white-ash-1.jpg,
http://www.gardenatoz.com/media/147617/WhiteAsh1199_700x466.jpg,
http://cdn2.hubspot.net/hubfs/1546852/MoonValleyNurseries-Nov2015Theme-Images/1405918_orig.jpg,
https://umaine.edu/sights/wp-content/uploads/sites/215/2016/10/13-White-Ash-Detail.jpg,
http://naturesperspective.com/wp-content/uploads/2011/10/Green-Ash-Fall-Color.-Credit-www.extension.missouri.edu_1.jpg,
https://sdda.sd.gov/images/conservation-forestry/btr-white-ash-fall.jpg,
https://www.alcc.com/assets/images/green_ash_dwinger_cropped.jpg,
https://csfs.colostate.edu/media/sites/22/2016/03/ash-tree-fall-oct.jpg,
https://render.fineartamerica.com/images/rendered/default/greeting-card/images-medium-5/ash-trees-at-fall-in-the-morton-arboretum-judith-barath.jpg?&targetx=-25&targety=0&imagewidth=750&imageheight=500&modelwidth=700&modelheight=500&backgroundcolor=F1B810&orientation=0,
http://massnrc.org/pests/blog/wp-content/uploads/White-Ash.jpg,
http://www.treeremoval.com/wp-content/uploads/2013/03/Fraxinus-velutina-fall-color2.jpg,
http://www.ksre.k-state.edu/hort-judging/images/ornamentals/Ash_White_Tree_Fall.jpg,
https://i.ytimg.com/vi/JQPvJoClXLY/maxresdefault.jpg,
https://plantheroes.org/sites/default/files/1480187.jpg,
https://i.pinimg.com/originals/9d/5e/3d/9d5e3d46bba6a2a7fcb47c0e8f1ce6da.jpg,
https://live.staticflickr.com/2275/2113168379_9ea2247370_z.jpg,
http://forestrynews.blogs.govdelivery.com/wp-content/uploads/sites/105/2017/03/McNee_ash_photo-267x300.jpg,
https://images.fineartamerica.com/images/artworkimages/mediumlarge/1/ash-tree-with-fall-colors-tom-janca.jpg,
http://labs.russell.wisc.edu/eab/files/2018/09/Green-Ash-Paul-Drobot.jpg,
https://s1.tree-time.ca/images/ash_green_017_01_600.jpg,
https://images.meredith.com/content/dam/bhg/Images/plant/PK100209.jpg,
https://st3.depositphotos.com/1702382/17209/i/1600/depositphotos_172090364-stock-photo-green-ash-tree-with-fall.jpg,
https://previews.123rf.com/images/donyanedomam/donyanedomam1711/donyanedomam171100216/89088691-green-ash-tree-crown-against-sugar-maple-tree-with-fall-color.jpg,
https://beasmartash.org/wp-content/uploads/2016/04/denver-neighborhood-ash-trees-fall.jpg,
https://thumbs.dreamstime.com/z/showy-mountain-ash-tree-fall-red-berries-golden-leav-rowan-sorbus-decora-also-called-dogberry-native-to-usa-canada-57559034.jpg,
https://www.dirtdoctor.com/www/default/ckfinder/userfiles/1114/images/Texas%20Ash%20-%2004.jpeg,
http://massnrc.org/pests/blog/wp-content/uploads/Green-Ash.jpg,
http://tree-pictures.com/trees/wp-content/uploads/2018/10/ashtreetype-575x1024.jpg,
https://c8.alamy.com/comp/F2DHWB/backgroundleavesyellow-greenash-treefalltreeautumnautumn-landscape-F2DHWB.jpg,
https://d3el53au0d7w62.cloudfront.net/wp-content/uploads/2015/11/life17_jd_22nov_ash-640x337.jpg,
https://i.ytimg.com/vi/3kOrp0x0Shk/maxresdefault.jpg,
https://organicplantcarellc.com/wp-content/uploads/2018/10/remove-dead-ash-header.jpg,
http://www.urbanforestnursery.com/images/treeprofileimages/profileautumnpurplesashleaves.jpg,
https://i1.wp.com/guzmansgreenhouse.com/wp-content/uploads/2015/11/raywood-ash-fall-color.jpg?resize=584%2C681&ssl=1,
https://www.chicagotribune.com/resizer/kwPo9HeHDlPvsOcycaSvE9HCC5k=/800x600/top/arc-anglerfish-arc2-prod-tronc.s3.amazonaws.com/public/J5XR22MVEVFBTKMAPVRIL5DA5U.jpg,
https://www.wvbg.org/wp-content/uploads/2018/08/emerald-ash-borer.jpg,
https://beasmartash.org/wp-content/uploads/2016/10/29283355532_b837e25ba2_h.jpg,
https://media.istockphoto.com/photos/golden-or-yellow-leaves-on-a-golden-ash-tree-in-the-fall-picture-id1064910236,
https://www.westerngardeners.com/wp-content/uploads/2009/10/Ash-Tree-in-Fall-blog.JPG,
http://arborjet.com/wp-content/uploads/2018/08/foliage-blog.jpg,
https://farm5.staticflickr.com/4128/5089416372_296ce0312a_b.jpg,
https://previews.123rf.com/images/donyanedomam/donyanedomam1711/donyanedomam171100024/88991752-green-ash-tree-crown-against-sugar-maple-tree-with-fall-color.jpg,
https://www.fitchburgwi.gov/ImageRepository/Document?documentID=9809,
https://media.istockphoto.com/photos/golden-or-yellow-leaves-on-a-golden-ash-tree-in-the-fall-picture-id860887324?k=6&m=860887324&s=170667a&w=0&h=X8-Y94yvPMeHH7ydhCXvsiFoVI6Cb_nyHvfOziQNt94=,
https://imgc.artprintimages.com/img/print/ash-tree-in-fall-colour-along-west-prong-of-little-river-usa_u-l-q10qyuf0.jpg?h=900&w=900,
https://c8.alamy.com/comp/P1EHWB/green-ash-tree-crown-against-sugar-maple-tree-with-fall-color-P1EHWB.jpg,
https://blog.moonvalleynurseries.com/hs-fs/hubfs/az%20ash%20fall%20color%20(2).jpg?width=393&name=az%20ash%20fall%20color%20(2).jpg,
https://selectree.calpoly.edu/images/0600/44/original/fraxinus-velutina-modesto-leaves-fall.jpg,
https://assets.dnainfo.com/generated/chicago_photo/2015/10/hornerparkashrow-1445998262.jpg/extralarge.jpg,
https://forestsociety.org/sites/default/files/styles/featured_image/public/IMG_9881.jpg?itok=nYZw9Win,
https://images.fineartamerica.com/images-medium-large-5/white-ash-tree-in-fall-john-w-bova.jpg,
https://images.fineartamerica.com/images/artworkimages/mediumlarge/1/ash-tree-in-the-fall-jack-thompson.jpg,
https://yourhub.denverpost.com/wp-content/uploads/2017/10/DSC_1141.jpg,
http://louisianablooms.com/wp-content/uploads/2012/09/fall-white-ash2.jpg,
https://beasmartash.org/wp-content/uploads/2017/10/DSC_1144.jpg,
http://cdn.shopify.com/s/files/1/0059/8835/2052/products/Patmore_Green_Ash_350_grande.jpg?v=1549674064,
https://ask.extension.org/uploads/question/images/attachments/000/141/517/image_original.jpeg?1473018282,
http://tree-pictures.com/marshallash.jpg,
http://ucanr.edu/blogs/byg/blogfiles/63242.jpg,
https://images.squarespace-cdn.com/content/v1/53e97643e4b07d7503aed30a/1450650138025-BKGT919EJB3059AJSCWW/ke17ZwdGBToddI8pDm48kDAv91l_EVpAtt3T82Wm1m9Zw-zPPgdn4jUwVcJE1ZvWEtT5uBSRWt4vQZAgTJucoTqqXjS3CfNDSuuf31e0tVGRdKQdAvYPFeoNHcl0B9NbYhRtIalXltUl4wqyICqU51hQUjdct07RUVzezzWpvVo/urbanite+ash_fall+leaf+color.jpg,
https://thumbs.dreamstime.com/z/ash-tree-autumn-leaves-colours-background-45753921.jpg,
https://www.melindamyers.com/application/files/2315/1749/8237/Leaves-of-Ash-Tree-are-Drying-Up-and-Falling-Off.jpg,
http://www.cirrusimage.com/Trees/korean_mountain-ash_fall_colors.jpg,
http://madisonparktimes.com/Images/Images/9286.jpg,
https://www.dirtdoctor.com/www/default/ckfinder/userfiles/1114/images/Texas%20Ash%20-%2005.jpeg,
https://image.shutterstock.com/image-photo/green-ash-tree-leaves-fall-450w-739352581.jpg,
https://www.buzzle.com/images/trees/ash-tree/green-ash.jpg,
https://cdn.shopify.com/s/files/1/1607/3721/products/Ash_Tree_Stand_In_Fall_copy.png?v=1485026665,
https://nfs.unl.edu/graphics/AshReplacement/acer%20saccharumfall.JPG,
https://treescharlotte.org/wp-content/uploads/2017/10/ashtree_web1.jpg,
https://d2v9y0dukr6mq2.cloudfront.net/video/thumbnail/s2owob4/autumn-ash-tree-with-fall-colors-against-a-blue-sky_4yheasik__F0000.png,
https://www.mankatomn.gov/Home/ShowPublishedImage/2314/635647881950400000,
https://www.morningagclips.com/wp-content/uploads/2019/04/dead-ash-trees-2.jpg,
https://www.friendsofthewildflowergarden.org/generaljpegs/Seasons/trees/whiteashfallv.jpg,
https://cdn8.dissolve.com/p/D1233_18_922/D1233_18_922_1200.jpg,
http://thumbor-prod-us-east-1.photo.aws.arc.pub/YlxlVx60HyqaMEMng2HmvIQTpO8=/arc-anglerfish-arc2-prod-dmn/public/KVXXG6TQOJTSHTLI3PN27VI5BA.jpg,
http://www.urbanforestnursery.com/images/treeprofileimages/profileglobeashfall.jpg,
https://www.birdsoutsidemywindow.org/wp-content/uploads/2017/11/trees_ash_colors_201710_P1090175_rsz_kms.jpg,
http://www.public.asu.edu/~camartin/plants/Plant%20html%20files/Fraxinus%20velutina%20fall%20color3.jpg,
https://cals.cornell.edu/sites/cals.cornell.edu/files/resize/1126_ash1-800x450.jpg,
https://www.pfplants.com/wp-content/uploads/2011/10/PA130001.jpg,
https://www.pfw.edu/microsites/native-trees/images/trees/g-n/full/green-ash-leaves-fall-01.jpg,
https://forestry.usu.edu/images/treeid/ash/green-ash-landscape.jpg,
https://previews.123rf.com/images/donyanedomam/donyanedomam1711/donyanedomam171100090/88932525-green-ash-tree-with-sugar-maple-and-pine-tree-in-the-background-with-fall-color-and-snow.jpghttp://datcpservices.wisconsin.gov/eab/articleassets/GreenAshTwigMar094wexpBS.JPG,
https://m.media-amazon.com/images/I/5161ttXsNJL._SS500_.jpg,
https://www.bonnersferryherald.com/apps/pbcsi.dll/storyimage/BF/20190117/ARTICLE/190119963/AR/0/AR-190119963.jpg?MaxW=640,
http://2.bp.blogspot.com/-7sgURtjlndk/UqqEyKUPf-I/AAAAAAAAI9Y/BTNarg0uPnY/s1600/DSCN0326.JPG,
https://images.fineartamerica.com/images-medium-large-5/white-ash-tree-in-winter-john-w-bova.jpg,
https://i.pinimg.com/originals/da/df/20/dadf20eee661c523b7544dde84298084.jpg,
https://previews.123rf.com/images/mrfotos/mrfotos0810/mrfotos081000031/3747082-leafless-ash-tree-fraxinus-excelsior-in-the-winter-season-isolated-on-white.jpg,
https://www.first-nature.com/trees/images/fraxinus-excelsior6.jpg,
https://previews.123rf.com/images/olsio/olsio1611/olsio161100015/68429424-the-ash-tree-with-the-flown-leaves-in-the-winter.jpg,
https://c8.alamy.com/comp/BXYG4H/ash-trees-in-winter-growing-on-upland-grazing-land-in-north-yorkshire-BXYG4H.jpg,
https://images.fineartamerica.com/images/artworkimages/mediumlarge/1/the-old-ash-tree-in-winter-rune-skogsrud.jpg,
http://bernheim.org/wp-content/uploads/2017/12/Blue-Ash.jpg,
https://media.istockphoto.com/photos/image-of-young-multitrunk-ash-tree-english-countryside-noleaves-picture-id468823944,
https://c8.alamy.com/comp/F5G67Y/ash-tree-in-winter-amongst-snow-fields-in-the-brecon-beacons-national-F5G67Y.jpg,
https://i.pinimg.com/originals/83/24/ac/8324acc7ab128f5f090b42328144e715.jpg,
https://upload.wikimedia.org/wikipedia/en/d/d0/Stevens-Coolidge-Place-AshTree-winter.jpg,
https://imgc.allpostersimages.com/img/print/posters/ash-tree-in-great-britain-during-winter-season_a-G-3593239-4990704.jpg?w=671&h=894,
http://www.minnesotawildflowers.info/udata/r9ndp23q/pd3/fraxinus-americana-687-1.jpg,
http://paulkirtley.co.uk/wp-content/uploads/2013/11/common-ash-keys-winter-branch-fraxinus-excelsior.jpg,
https://paintingandframe.com/uploadpic/james_hey_davies/big/study_of_an_ash_tree_in_winter.jpg,
https://upload.wikimedia.org/wikipedia/commons/b/b2/Winter_Ash_tree_-_geograph.org.uk_-_1114791.jpg,
https://www.superiortelegram.com/incoming/article1780031.ece/alternates/BASE_LANDSCAPE/Bill%20McNee%20%20Wisconsin%20DNR%20%20Light%20flecking%20on%20the%20top%20of%20an%20ash%20tree%20can%20be%20a%20sign%20of%20EAB%20infections.%20%20%20%20,
https://secure.i.telegraph.co.uk/multimedia/archive/02381/ash-tree_2381237c.jpg,
https://www.featurepics.com/StockImage/20140418/ash-tree-stock-picture-3043067.jpg,
https://www.fortticonderoga.org/wp-content/uploads/2012/02/ash-samaras.jpg,
https://pix.mdmpix.com/680/2010/2010-02-06_001/tree-shrouded-winter-snow-pa.jpg,
https://c8.alamy.com/comp/EH214R/close-up-of-an-ash-tree-in-winter-EH214R.jpg,
https://res.cloudinary.com/fleetnation/image/private/c_fit,w_1120/g_south,l_text:style_gothic2:%C2%A9%20Stockimo,o_20,y_10/g_center,l_watermark4,o_25,y_50/v1482183606/qpyamoujbprajwklyuda.jpg,
https://ssl.c.photoshelter.com/img-get/I00002OqEbuNaUpQ/s/880/880/AH-Ash-Tree-Fraxinus-excelsior-in-Winter-8910.jpg,
https://thumbs.dreamstime.com/z/ash-trees-winter-silhouette-farm-hedgerow-northern-ireland-hawthorn-set-small-valley-county-down-against-gray-85528130.jpg,
http://4.bp.blogspot.com/-YIpkpYJTYpA/Ugjn9-7l7BI/AAAAAAAAFqU/YnK4X5zAHeQ/s1600/DSCN3276b.jpg,
https://render.fineartamerica.com/images/rendered/default/acrylic-print/7.375/10.000/hangingwire/break/images-medium-5/snowman-in-field-beside-white-ash-tree-winter-digital-composite-todd-pearson.jpg,
https://i.pinimg.com/originals/9e/4c/00/9e4c006d10ccccae80cdefe0b5901cba.jpg,
https://www.birdsoutsidemywindow.org/wp-content/uploads/2011/11/whiteash_bark_IMG_0256_rsz_kms.jpg,
https://image.shutterstock.com/image-photo/mountain-ash-tree-red-berries-600w-771045862.jpg,
https://comps.canstockphoto.com/winter-tree-picture_csp3672371.jpg,
https://ask.extension.org/uploads/question/images/attachments/000/013/534/image_1500x1500%253E.jpg?1472853822,
http://img.cadnav.com/allimg/151111/cadnav-151111132105.jpg,
https://render.fineartamerica.com/images/rendered/default/print/5.875/8.000/break/images-medium-5/snowman-in-field-beside-white-ash-tree-winter-digital-composite-todd-pearson.jpg,
http://beasmartash.org/wp-content/uploads/2016/04/emerald-ash-borer-opposite-branching-horizontal-300x218.jpg,
http://www.educationquizzes.com/nature-matters/wp-content/uploads/2017/01/Ash-Tree-Blog-5.1.17.jpg,
https://images.fineartamerica.com/images-medium-large-5/the-ash-tree-j-l-zarek.jpg,
http://datcpservices.wisconsin.gov/eab/articleassets/BlackAshTwigMar092BS.jpg,
https://lookaside.fbsbx.com/lookaside/crawler/media/?media_id=987497544773811,
https://dnr.wi.gov/images/news/2019/20190129_woodpecker2.jpg,
https://cdn9.dissolve.com/p/D1233_23_437/D1233_23_437_1200.jpg,
https://www.featurepics.com/StockImage/20101128/ash-tree-seed-stock-image-1718594.jpg,
https://live.staticflickr.com/784/26049331607_039198c824_b.jpg,
https://st2.depositphotos.com/1010070/9373/i/950/depositphotos_93737092-stock-photo-winter-ash-tree.jpg,
https://media.istockphoto.com/photos/red-berries-on-ash-tree-on-winter-picture-id638630044,
https://c8.alamy.com/comp/D98WHB/silhouette-of-mature-ash-tree-in-winter-D98WHB.jpg,
https://nysparksnaturetimes.files.wordpress.com/2015/01/ash-ls-final.jpg,
http://www.tree-guide.com/images/styles/600x450-copy_/public/arizona-ash-crown-winter.jpg?itok=1qalNSgZ,
http://54.247.73.141/sites/default/files/ash_tree_kent_medium.jpg,
http://4.bp.blogspot.com/_pKf1z60qAhA/SXJP7NwXV4I/AAAAAAAAA0Q/auoH52fcO-g/s400/1WhtAshCmtryWinter.jpg,
http://www.longfellownokomismessenger.com/MessNewSite/wp-content/uploads/2019/03/EAB-021.jpg,
https://img.pixers.pics/pho_wat(s3:700/FO/48/32/91/46/700_FO48329146_cbd65c5329d22b40e5d15950c9fb2f06.jpg,467,700,cms:2018/10/5bd1b6b8d04b8_220x50-watermark.png,over,247,650,jpg)/wall-murals-big-ash-tree-in-old-garden-by-cloudy-winter-day.jpg.jpg,
http://mediad.publicbroadcasting.net/p/kufm/files/styles/x_large/public/201512/mountain-ash_flickr-La-FoeZ-CC-BY-NC-ND.jpg,
https://live.staticflickr.com/7899/47202562161_fcd3cf88ce_b.jpg,
https://www.naturepl.com/cache/pcache2/01109763.jpg,
https://www.birdsoutsidemywindow.org/wp-content/uploads/2011/11/whiteash_EAB_bark_IMG_0242_rsz_kms.jpg,
https://www.gannett-cdn.com/presto/2019/05/30/PGRF/3cc48286-af5f-472b-9428-a7fe522585b1-IMG_0530_-_Copy_-_Copy.JPG?width=540&height=&fit=bounds&auto=webp,
https://www.thestar.com/content/dam/thestar/news/insight/2013/01/26/trees_in_winter_bare_their_beauty/snow_trees.jpg,
https://www.treeland.ca/wp-content/uploads/2016/11/maple-tree-in-winter.jpg,
https://thumbs.dreamstime.com/z/bare-ash-tree-silhouette-detail-snow-against-winter-evening-sky-bare-ash-tree-stems-branches-silhouette-against-138683628.jpg,
https://i.ytimg.com/vi/0n2AQdKzoxs/maxresdefault.jpg,
https://www.theashproject.org.uk/wp-content/uploads/2017/05/1.-Winter-Buds-2.jpg,
https://images.curiator.com/images/t_x/art/ikmslfyddhiktn3vd4ap/thomas-lamb-ash-tree-and-church-in-winter-2014.jpg,
http://www.artnet.com/WebServices/images/ll01513lldNtUFFgReECfDrCWvaHBOceXE/james-mcintosh-patrick-ash-trees,-winter.jpg,
https://natlands.org/wp-content/uploads/2019/01/IMG_9232.jpg,
https://previews.123rf.com/images/goodween123/goodween1231701/goodween123170100938/70470179-ash-tree-trunk-close-up-winter-photo-shallow-focus.jpg,
https://spmetrowire.com/wp-content/uploads/2018/03/Heavily-woodpeckered-ash-in-front-yard.jpg,
https://s3.amazonaws.com/cdn.uvamagazine.org/articles/2018/09-fall/Retrospect/McGuffeyAsh.jpg,
https://ssl.c.photoshelter.com/img-get/I0000A7gmvFoAIBQ/s/880/880/AH-Ash-Tree-Fraxinus-excelsior-in-Winter-1069.jpg,
http://www.treetopics.com/fraxinus_quadrangulata/blue_ash_00657.png,
http://www.my-stock-photos.com/images/ash_tree_3.jpg,
https://beasmartash.org/wp-content/uploads/2018/02/Ash-tree-Louisville.png,
https://s3.amazonaws.com/bncore/wp-content/uploads/2019/02/Dead-Ash-1.jpg,
https://i.pinimg.com/originals/80/6d/d3/806dd341e9838ff4d79f5d9c973b49a1.gif,
http://duncannonatc.org/wp-content/uploads/2014/03/Ash-2.jpg,
https://render.fineartamerica.com/images/rendered/small/canvas-print/mirror/break/images/artworkimages/square/1/ash-tree-in-winter-walter-martin-canvas-print.jpg,
https://cf.ltkcdn.net/garden/images/std/239615-320x213-ash-tree-in-winter.jpg,
http://www.tree-guide.com/images/styles/600x450-copy_/public/texas-ash-crown-winter.jpg?itok=HyZxhIot,
https://rstorage.filemobile.com/storage/33711266/1085,
https://scx1.b-cdn.net/csz/news/800/2019/somegreenash.jpg,
https://comps.canstockphoto.com/ash-tree-trunk-close-up-winter-photo-stock-image_csp43658160.jpg,
http://www.smart-cell.org/wp-content/uploads/2019/01/8237789.jpg,
https://upload.wikimedia.org/wikipedia/commons/5/50/Ash_Tree_Scientific_Seasonal_Study_in_Photography.jpg,
https://gb.fotolibra.com/images/previews/1109563-ash-tree.jpeg,
https://image.shutterstock.com/image-photo/european-ash-tree-winter-fraxinus-600w-244432738.jpg,
https://c8.alamy.com/comp/D5N5BF/ash-trees-in-winter-in-norfolk-uk-D5N5BF.jpg,
https://footage.framepool.com/shotimg/qf/920101333-ash-tree-chestnut-tree-afternoon-bare-tree.jpg,
https://4.bp.blogspot.com/-ePUgM23dpCQ/Vs3iL5hDJOI/AAAAAAAAOaE/GkfWhklHa0U/s1600/bare%2Bash%2Btree%2Bbranches.jpg,
https://forestry.usu.edu/images/treeid/ash/green-ash-winter.jpg,
https://www.decorahnews.com/uploads/images/w-400xq-95~Image01_358996.jpg,
https://ih0.redbubble.net/image.40454343.7129/flat,1000x1000,075,f.jpg,
https://media.gettyimages.com/photos/winter-idyllic-scene-frozen-trees-european-ash-tree-picture-id939502128,
https://ask.extension.org/uploads/question/images/attachments/000/199/658/IMG_1133_2338__2305843009216256488__original.jpg?1518890607,
https://st4.depositphotos.com/1175258/19647/i/1600/depositphotos_196477886-stock-photo-a-small-stand-of-ash.jpg,
https://news.unl.edu/sites/default/files/media/highres/5I1A1467.jpghttps://previews.123rf.com/images/digoarpi/digoarpi1511/digoarpi151100029/48556379-ash-tree-flowers-in-spring-fraxinus-excelsior.jpg,
https://previews.123rf.com/images/genlady/genlady1404/genlady140400021/27876551-green-spring-buds-of-the-ash-tree.jpg,
http://paulkirtley.co.uk/wp-content/uploads/2013/11/common-ash-fraxinus-excelsior-leaves-highlighted-sun.jpg,
https://c8.alamy.com/comp/C3C36P/ash-tree-with-young-leaves-in-spring-C3C36P.jpg,
https://previews.123rf.com/images/genlady/genlady1404/genlady140400019/27709813-green-spring-buds-of-the-ash-tree-on-blue-sky-background.jpg,
https://c8.alamy.com/comp/D98PYP/leaves-of-the-ash-tree-in-spring-fraxinus-excelsior-D98PYP.jpg,
http://www.treeremoval.com/wp-content/uploads/2013/03/Fraxinus-velutina-fall-color2.jpg,
https://thumbs.dreamstime.com/z/tree-spring-flower-ash-tree-ash-tree-119579255.jpg,
https://c8.alamy.com/comp/CT6KCM/young-leaves-of-an-ash-tree-backlit-against-a-blue-spring-sky-CT6KCM.jpg,
https://comps.canstockphoto.com/ash-tree-flowers-stock-photos_csp51776734.jpg,
https://www.thespruce.com/thmb/6NY3gUiNIl9c6a_mc2nys1hnnVs=/450x0/filters:no_upscale():max_bytes(150000):strip_icc()/GettyImages-200443720-0011-59a2f08fd088c000111be4f4.jpg,
https://www.spring-green.com/wp-content/uploads/2015/11/blog-pic-2.jpg,
https://previews.123rf.com/images/genlady/genlady1404/genlady140400020/27709880-green-spring-buds-of-the-ash-tree-on-blue-sky-background.jpg,
http://blog.davey.com/media/1619180/tree-no-leaves.jpg?w=396&h=320&mode=crop&scale=both,
https://www.thechronicleherald.ca/media/photologue/photos/cache/httpsapipddataservicescomlistsfeed03a5320f-0551-4271-b3fd-efdb17375324_large,
https://www.thespruce.com/thmb/tPMPHfj8DIi5ECE051KTnhoqKgM=/1500x1000/filters:no_upscale():max_bytes(150000):strip_icc()/GettyImages-182703904-584e2a065f9b58a8cd5bedef.jpg,
https://thumbs.dreamstime.com/z/fresh-growth-ash-tree-leaves-spring-blue-background-49600047.jpg,
https://c8.alamy.com/comp/BY0YP8/ash-tree-fraxinus-excelsior-in-early-spring-growing-in-typical-upland-BY0YP8.jpg,
https://footage.framepool.com/shotimg/qf/215609905-ash-tree-green-color-deciduous-tree-leaf.jpg,
https://www.first-nature.com/trees/images/fraxinus-excelsior1.jpg,
https://www.woodlandtrust.org.uk/media/100818608/ash-spring-fixed-point-nature-photographers.jpg?cb=1697397402&preset=gallery-tab-main-image,
https://ak0.picdn.net/shutterstock/videos/2599490/thumb/1.jpg,
https://i.ytimg.com/vi/Z0JdCENAXeQ/maxresdefault.jpg,
https://c8.alamy.com/comp/KCMNKX/ash-tree-fraxinus-excelsior-with-three-quarter-moon-spring-buds-just-KCMNKX.jpg,
https://treescharlotte.org/wp-content/uploads/2017/10/ashtree_web1.jpg,
https://media.istockphoto.com/photos/ash-tree-spring-picture-id1003574058,
https://images.fineartamerica.com/images-medium-large-5/1-white-ash-tree-in-spring-john-w-bova.jpg,
https://comps.canstockphoto.com/ash-tree-stock-photo_csp20220743.jpg,
https://previews.123rf.com/images/avqqav/avqqav1807/avqqav180702490/105096833-growing-from-a-tree-trunk-new-young-branch-with-an-ash-tree-closeup-in-the-spring.jpg,
https://media.mnn.com/assets/images/2016/06/european-ash-tree-spring.jpg.838x0_q80.jpg,
https://www.featurepics.com/StockImage/20140601/ash-tree-stock-photo-3083876.jpg,
https://c1.staticflickr.com/2/1778/29117725707_d7660ec766_b.jpg,
https://images.fineartamerica.com/images-medium-large-5/white-ash-tree-in-spring-john-w-bova.jpg,
https://www.pfw.edu/microsites/native-trees/images/trees/t-z/full/white-ash-leaves-spring-02.jpg,
http://forestry.ohiodnr.gov/portals/forestry/images/trees/ash/ash_gr_flwrm_lg.jpg,
https://images-na.ssl-images-amazon.com/images/I/61dGSQ8OaNL._SX700_.jpg,
https://i.pinimg.com/originals/95/8a/1a/958a1a9f90f4eabe6c75506d9e6693d8.jpg,
https://image.shutterstock.com/image-photo/budding-ash-tree-spring-600w-475942651.jpg,
https://previews.123rf.com/images/genlady/genlady1404/genlady140400022/27876564-green-spring-buds-of-the-ash-tree-on-blue-sky-background.jpg,
https://img.pixers.pics/pho_wat(s3:700/FO/41/98/01/85/700_FO41980185_25023e046a755069c0e49a2413345e93.jpg,700,467,cms:2018/10/5bd1b6b8d04b8_220x50-watermark.png,over,480,417,jpg)/wall-murals-fresh-spring-leaves-of-mountain-ash-tree.jpg.jpg,
https://images.fineartamerica.com/images-medium-large-5/2-white-ash-tree-in-spring-john-w-bova.jpg,
https://images-na.ssl-images-amazon.com/images/I/61j1SvPZ7oL._SX425_.jpg,
http://www.centralparknyc.org/assets/images/tree-guide/tree-species/green-ash/green-ash-tree.jpg,
https://previews.123rf.com/images/burnel1/burnel11204/burnel1120400028/13180884-one-day-of-european-ash-tree-in-early-spring.jpg,
https://c8.alamy.com/comp/C8PMRF/sunlight-catching-the-leaves-of-a-rowan-mountain-ash-tree-alderley-C8PMRF.jpg,
https://a.rgbimg.com/users/m/mi/micromoth/600/mnpfphm.jpg,
https://thumbs.dreamstime.com/z/ash-tree-leaves-spring-young-springtime-69131659.jpg,
https://s.hdnux.com/photos/76/32/40/16361512/5/920x920.jpg,
https://image.shutterstock.com/image-photo/looking-sky-through-ash-tree-260nw-1087980791.jpg,
https://www.pfw.edu/microsites/native-trees/images/trees/t-z/full/white-ash-habit-01.jpg,
https://media.istockphoto.com/photos/ash-tree-leaves-in-spring-picture-id519935547,
https://www.theashproject.org.uk/wp-content/uploads/2017/05/698A2698rs.jpg,
https://media.gettyimages.com/photos/boy-and-girl-playing-in-field-beside-white-ash-tree-spring-picture-id200217037-009,
https://www.minnesotamonthly.com/wp-content/uploads/sites/85/2017/06/Fotolia_107072994_Subscription_XXL.jpg,
https://www.wctrib.com/incoming/article3007714.ece/alternates/BASE_LANDSCAPE/Tom%20Cherveny%20%20TribuneA%20wet%2C%20cool%20spring%20has%20allowed%20a%20fungal%20disease%20known%20as%20anthracnose%20to%20infect%20many%20ash%20trees%20in%20the%20region.%20The%20trees%20will%20send%20out%20a%20second%20flush%20of%20leaves%20to%20replaces%20those%20lost%20to%20the%20disease.%20,
https://images.newscientist.com/wp-content/uploads/2019/05/03202436/dh44xt.jpg,
https://st2.depositphotos.com/5935582/10859/v/600/depositphotos_108597682-stock-video-green-spring-ash-tree-branches.jpg,
https://media.gettyimages.com/photos/ash-tree-with-fresh-spring-leaves-picture-id1147070432,
https://www.lawndoctor.com/wp-content/uploads/2018/03/shutterstock_449053723.jpg,
https://c8.alamy.com/comp/T5F7NB/fraxinus-excelsior-ash-tree-outside-a-house-in-spring-palace-gate-south-kensington-london-uk-T5F7NB.jpg,
https://forestryandland.gov.scot/images/learn/treespecies/ash-tree-Wikicommons-Willow.jpg,
http://www.public.asu.edu/~camartin/plants/Plant%20html%20files/fraxinusvelutinaflowers.jpg,
https://watermarked.cutcaster.com/cutcaster-photo-100253351-ash-tree-in-blossom.jpg,
https://www.steintree.com/wp-content/uploads/2017/03/ash-tree-spring-and-emerald-ash-borer-inspection-800-300x225.jpg,
https://images.immediate.co.uk/production/volatile/sites/23/2019/04/Ash_dieback-c266117.png?quality=90&resize=620,413,
https://ask.extension.org/uploads/question/images/attachments/000/116/590/P6220133_original.JPG?1472683801,
https://www.nevadatree.com/wp-content/uploads/2017/12/Healthy-Ash-Tree.png,
https://2.bp.blogspot.com/__WYdu_7gyQ8/S_ii3mNtgTI/AAAAAAAAEkY/88CCO03pe2A/s1600/walk-032.jpg,
https://downtownharrisonburg.org/wp-content/uploads/2018/08/IMG_8606-1.jpg,
https://ask.extension.org/uploads/question/images/attachments/000/178/365/DSCF1037_original.JPG?1499812164,
https://st4.depositphotos.com/4550289/19828/v/600/depositphotos_198281344-stock-video-ash-tree-blowing-in-the.jpg,
https://afrenchgarden.files.wordpress.com/2019/04/ash-trees.jpg?w=611,
https://previews.123rf.com/images/filmfoto/filmfoto1301/filmfoto130100016/17419171-single-big-ash-tree-in-meadow-at-spring.jpg,
https://www.dirtdoctor.com/www/default/ckfinder/userfiles/1114/images/Fragrant%20Ash%20-%2002.jpeg,
https://archive.org/download/nwctc-Wet_Spring_Causing_Ash_Tree_Fungus/nwctc-Wet_Spring_Causing_Ash_Tree_Fungus.thumbs/Wet_Spring_Causing_Ash_Tree_Fungus_000006.jpg,
https://c8.alamy.com/comp/T40WDP/ash-tree-budding-in-spring-T40WDP.jpg,
https://cdn.pixabay.com/photo/2017/09/06/20/13/mountain-ash-2722839_960_720.jpg,
https://urnabios.com/wp-content/uploads/2014/09/ash12.jpg,
https://media.istockphoto.com/photos/fraxinus-ornus-flower-ash-in-spring-picture-id953248344,
https://t3.ftcdn.net/jpg/01/71/80/54/500_F_171805443_HvqrsxobHOKo4J01IzPcelwmr7jnf2dn.jpg,
https://www.pfw.edu/microsites/native-trees/images/trees/t-z/full/white-ash-leaves-spring-03.jpg,
https://www.featurepics.com/StockImage/20150530/old-ash-tree-stock-picture-3605132.jpg,
https://thumbs.dreamstime.com/z/old-huge-common-ash-tree-thick-trunk-very-big-old-european-ash-fraxinus-excelsior-tree-early-springtime-new-young-138206835.jpg,
https://comps.canstockphoto.com/fresh-spring-leaves-of-mountain-ash-picture_csp9726551.jpg,
https://images.fineartamerica.com/images-medium-large-5/ash-tree-affected-by-ash-dieback-disease-dr-jeremy-burgessscience-photo-library.jpg,
https://st.hzcdn.com/fimgs/00d2a50308f91ae2_0359-w500-h666-b0-p0--.jpg,
https://www.purduelandscapereport.org//wp-content/uploads/2019/01/Ash_Treated_vs_Untreated.jpg,
http://www.allergywise.com/wp-content/uploads/2016/07/Untitled-design-27-1-1030x687.jpg,
https://afrenchgarden.files.wordpress.com/2019/04/fraxinus-ash-tree.jpg,
https://pixfeeds.com/images/21/516274/1200-9304425-ash-tree-flowers.jpg,
https://render.fineartamerica.com/images/rendered/default/poster/8/10/break/images/artworkimages/medium/2/ash-tree-low-angle-view-autumn-mitch-york.jpg,
https://previews.123rf.com/images/anest/anest1902/anest190200038/116787984-close-up-of-ash-tree-fraxinus-fresh-growing-leaves-at-spring-over-dark-forest-background-backlit.jpg,
http://tree-pictures.com/ashtree.jpg,
https://i.pinimg.com/originals/11/c5/a8/11c5a8616393acea7f4484ac2a99cc55.jpg,
https://images.meredith.com/content/dam/bhg/Images/2015/10/28/101967806.jpg,
https://i.ytimg.com/vi/XBwGs8qIdX0/maxresdefault.jpg,
https://www.usda.gov/sites/default/files/styles/featured_image/public/usda_blog_images/5101_5638681372_0650ebb984.jpg?itok=Go3GsrdP,
https://cdn.thetreecenter.com/c/uploads/Texas_Ash_Tree_01.jpg,
https://img-aws.ehowcdn.com/877x500p/photos.demandstudios.com/12/132/fotolia_3261749_XS.jpg,
https://media.istockphoto.com/photos/manna-ash-tree-in-springtime-picture-id952719872?k=6&m=952719872&s=612x612&w=0&h=CzDI7P_Ihipbf3zGupTR_WjUwIEu3qClsacuU2q70Zs=https://d2gg9evh47fn9z.cloudfront.net/800px_COLOURBOX31738167.jpg,
https://www.edstreeservice.com/wp-content/uploads/2018/03/Ash2-1-300x233.jpg,
https://kcparks.org/wp-content/uploads/2013/03/Ash-Tree.jpg,
https://dancingbeastie.files.wordpress.com/2011/06/101_7477.jpg,
https://images-na.ssl-images-amazon.com/images/I/61hOm7Qn8bL.jpg,
http://arbordayblog.org/wp-content/uploads/2015/10/green-ash-1070.jpg,
https://i.dailymail.co.uk/i/pix/2012/10/25/article-2222862-154776DA000005DC-195_634x636.jpg,
https://cdn.shopify.com/s/files/1/0059/8835/2052/products/Autumn_Purple_Ash_450_2_1024x1024.jpg?v=1549690863,
https://c8.alamy.com/comp/CYBM01/a-summer-hedgerow-with-a-mature-ash-tree-bathed-in-warm-evening-light-CYBM01.jpg,
https://c8.alamy.com/comp/AFMRA6/the-intricate-white-blossoms-of-the-mountain-ash-tree-appear-in-early-AFMRA6.jpg,
https://www.cityofkingston.ca/documents/10180/346583/Enviro_EAB_Healthy.jpg/9568f22b-0b78-4792-96e6-fb521b16b521?t=1363102255000,
https://images.fineartamerica.com/images-medium-large-5/2-white-ash-tree-in-summer-john-w-bova.jpg,
https://www.genomeweb.com/sites/default/files/images/news/fraxinus_excelsior_002.jpg,
https://images.squarespace-cdn.com/content/v1/54c7b48ce4b07428fc0ebb34/1523042073467-PG551PHL5YW8AA02KIPN/ke17ZwdGBToddI8pDm48kBPRZP0FnpgvoyskH3XyN0MUqsxRUqqbr1mOJYKfIPR7LoDQ9mXPOjoJoqy81S2I8N_N4V1vUb5AoIIIbLZhVYxCRW4BPu10St3TBAUQYVKc2DKxPKY8b4ONKBWCUno7YjSR6sJGjKskKSLuDghsoi-OqAW5QSgmqfzrqd4MoSFj/Portrait+of+an+ash+tree+in+summer-2.jpg,
https://previews.123rf.com/images/akchamczuk/akchamczuk1811/akchamczuk181100010/111062298-closeup-of-samara-on-a-green-ash-tree-in-the-summer-.jpg,
https://media.gettyimages.com/photos/man-mowing-lawn-beside-white-ash-tree-summer-side-view-picture-id200217037-022,
https://c8.alamy.com/comp/DG6YKH/looking-up-through-the-summer-leaves-of-an-old-ash-tree-fraxinus-excelsior-DG6YKH.jpg,
http://thehomegarden.com/wp-content/uploads/2010/05/Autum-Purple-Ash.jpg,
https://images.meredith.com/content/dam/bhg/Images/2015/10/28/101967806.jpg,
https://images.squarespace-cdn.com/content/v1/54c7b48ce4b07428fc0ebb34/1520608051784-MC8LRF8ZA2CCHSAUL5B1/ke17ZwdGBToddI8pDm48kBmeveqBwb3yD2_VEFCxRex7gQa3H78H3Y0txjaiv_0fDoOvxcdMmMKkDsyUqMSsMWxHk725yiiHCCLfrh8O1z5QPOohDIaIeljMHgDF5CVlOqpeNLcJ80NK65_fV7S1Ud7u-3enqJXyYR8wx2AFp1cC26tMtCiNyJYd3eV4CyEgguvgCERZpXNZ8mcSs3tIUA/Summer+ash+tree+-+fine+art+print.jpg?format=2500w,
http://www.tree-guide.com/images/styles/600x450-copy_/public/arizona-ash-tree-summer.jpg?itok=MjtO7rNc,
http://3.bp.blogspot.com/_Iz1KSNKCdF0/SumJVquNRnI/AAAAAAAAAQU/gCfna5mKPyc/s400/Ash_tree_Rio_Grande_summer.jpg,
https://i.pinimg.com/originals/6d/96/81/6d9681869e9e8a7d834df4b13bc0ea82.jpg,
https://townsquare.media/site/490/files/2018/09/Ash.jpg?w=980&q=75,
https://www.morningagclips.com/wp-content/uploads/2018/09/unnamed-6-580x400.jpg,
https://citybugs.tamu.edu/files/2014/12/IMG_9354_sm.jpg,
https://www.fs.usda.gov/research/products/images/2015/fullsize/nrs-2015-112.jpg,
https://spectrees.s3-ap-southeast-2.amazonaws.com/8979-59bb2acff4/conversions/80dbb874929ba5d64c8c7b88f056373e-small.jpg,
https://alanwatsonfeatherstone.com/wp-content/uploads/2013/06/IMG_8804.jpg,
http://info.ncagr.gov/blog/wp-content/uploads/dead-ash-preview.jpg,
https://media.graytvinc.com/images/690*388/ash+borer+damage.jpg,
https://thumbs.dreamstime.com/z/colorful-green-yellow-ash-tree-leaves-rays-warm-sun-as-symbol-passage-summer-to-autumn-colorful-green-102038553.jpg,
https://paintingandframe.com/uploadpic/james_hey_davies/big/study_of_an_ash_tree_in_summer.jpg,
https://www.thetelegram.com/media/photologue/photos/cache/14032019-weather_wise_Grandma_Says_large.jpg,
https://c8.alamy.com/comp/HHKCNE/ash-trees-in-late-spring-early-summer-HHKCNE.jpg,
https://previews.123rf.com/images/ajphoto21/ajphoto211809/ajphoto21180900025/108052715-ash-tree-with-wild-red-berries-in-the-middle-of-summer-in-scotland.jpg,
https://st4.depositphotos.com/15859172/20342/i/1600/depositphotos_203422372-stock-photo-red-berries-mountain-ash-tree.jpg,
https://www.winterhill.com.au/treeimages/FraxRaySummer.jpg,
https://i1.wp.com/www.thetutuguru.com.au/wp-content/uploads/1970/01/Golden-Ash-in-Summer.jpg,
https://ih1.redbubble.net/image.378881226.5677/scarf,x900-pad,750x1000,f8f8f8.u7.jpg,
https://beasmartash.org/wp-content/uploads/2016/09/Screen-Shot-2016-09-21-at-5.jpg,
http://info.ncagr.gov/blog/wp-content/uploads/EAB_Yadkin20190716-768x1024.jpg,
https://www.purduelandscapereport.org//wp-content/uploads/2019/01/Ash_Treated_vs_Untreated.jpg,
https://afrenchgarden.files.wordpress.com/2019/04/ash-trees.jpg?w=611,
https://spectrees.s3-ap-southeast-2.amazonaws.com/8981-dd1aa51d65/conversions/e05972abcb04616491529b0673aaa6df-small.jpg,
https://www.pfw.edu/microsites/native-trees/images/trees/t-z/full/white-ash-leaves-original-01.jpg,
https://cdnb.artstation.com/p/assets/images/images/005/045/857/large/quentin-grenot-ashtreet3.jpg?1488120366,
https://image.shutterstock.com/z/stock-photo-ash-tree-keys-in-summer-fraxinus-excelsior-171047909.jpg,
https://bdn-ss-tc.s3.amazonaws.com/uploads/2018/09/ASH_23716760.jpg,
https://news.stlpublicradio.org/sites/kwmu/files/styles/x_large/public/201509/emerald_ash_borer_img_7302___eab_mdc.jpg,
https://www.nps.gov/articles/images/white-ash_CR_virens.png,
https://media.cheekwood.org/wp-content/uploads/2019/04/25113405/Emerald-Ash-Borer.jpg,
https://live.staticflickr.com/8478/29192489865_4a32928f5a_b.jpg,
https://s.hdnux.com/photos/01/05/67/12/18313900/5/920x920.jpg,
https://beasmartash.org/wp-content/uploads/2016/08/Dead-ash-3.png,
https://static3.bigstockphoto.com/6/5/2/large1500/256826902.jpg,
https://render.fineartamerica.com/images/rendered/default/framed-print/images-medium-5/man-mowing-lawn-beside-white-ash-tree-summer-side-view-todd-pearson.jpg?imgWI=7.375&imgHI=10.000&sku=CRQ13&mat1=PM918&mat2=&t=2&b=2&l=2&r=2&off=0.5&frameW=0.875,
http://www.tree-guide.com/images/styles/600x450-copy_/public/pumpkin-ash-crown-summer.jpg?itok=mMG0kS55,
https://images-na.ssl-images-amazon.com/images/I/51TDy4Hx%2BJL._SX425_.jpg,
https://patch.com/img/cdn/users/162038/2011/06/raw/e328f4e11d15231beb1b715cb4c2f4b.jpg,
https://www.apnursery.com/wp-content/uploads/2017/12/Arizona-Ash-Tree-Diseases-Care-750x422.jpg,
https://i5.walmartimages.com/asr/dc775a4d-0e61-4182-8c55-da9fa4330fc5_2.875c74e6a7e1aa6f9bc1bbff7dae8867.jpeg?odnHeight=450&odnWidth=450&odnBg=FFFFFF,
https://i.cbc.ca/1.4827628.1537273739!/fileImage/httpImage/image.JPG_gen/derivatives/16x9_780/tree-zero.JPG,
https://s3.amazonaws.com/cdn.henryfields.com/images/800/70180.jpg,
https://comps.canstockphoto.com/european-ash-seeds-stock-photo_csp38033348.jpg,
https://www.gannett-cdn.com/presto/2019/07/09/PBUR/9772fc85-34ee-4269-8ed1-dd11c1015534-BUR20190708_ash_trees_perkins_pier.JPG?crop=4031,2267,x1,y181&width=3200&height=1680&fit=bounds,
https://easybigtrees.co.nz/wp-content/uploads/2015/05/Fraxinus-Purple-Spire-80lt-April-2019-1.jpg,
https://i.pinimg.com/originals/3c/ca/dc/3ccadcabcb39fc4a7d09c0fd482f5500.jpg,
https://forum.unity.com/attachments/01_leaves-jpg.33552/,
https://www.researchgate.net/profile/T_Kirisits/publication/284513010/figure/fig1/AS:408049396273155@1474297966618/Ash-dieback-on-F-excelsior-A-Heavily-damaged-declining-pole-sized-tree-photo.png,
https://eby7n1h4sjq282yqc3re0451-wpengine.netdna-ssl.com/wp-content/uploads/2018/08/foliage-blog.jpg,
https://macphailwoods.org/wp-content/gallery/black-ash/black-ash-leaf.jpg,
http://www.gannett-cdn.com/-mm-/3eb38ce5785aafbb0138a211e2038a32290d5164/c=0-565-5513-3680/local/-/media/2016/04/15/SiouxFalls/SiouxFalls/635963339828681222-0415-Tree-Trimming-6956.jpg?width=3200&height=1680&fit=crop,
http://www.ottawafamilyliving.com/wp-content/uploads/2013/09/ash-tree-576x1024.jpg,
https://imgc.allpostersimages.com/img/print/u-g-Q107AOR0.jpg?w=550&h=550&p=0,
https://as1.ftcdn.net/jpg/02/76/49/38/500_F_276493809_GGMGMrY0OhxWfckxrhtfBJYhf5RMOwEU.jpg,
https://ih0.redbubble.net/image.378881251.5677/flat,1000x1000,075,f.u7.jpg,
https://media.istockphoto.com/photos/leaves-of-an-ash-tree-picture-id503343167,
https://imgc.artprintimages.com/img/print/study-of-an-ash-tree-in-summer-1883_u-l-pseyu70.jpg?h=550&w=550&background=fbfbfb,
https://image.shutterstock.com/image-photo/original-painting-ash-tree-summer-600w-99328961.jpg,
https://img-aws.ehowcdn.com/877x500p/s3-us-west-1.amazonaws.com/contentlab.studiod/getty/cache.gettyimages.com/2ea190c87a954ddcb11661088f3c00b2.jpg,
https://www.northcountrypublicradio.org/news/images/eabtraps2.jpg,
https://theonlywayiswildlife.files.wordpress.com/2016/11/img_1585.jpg,
https://render.fineartamerica.com/images/rendered/default/wood-print/8.000/7.250/break/images-medium/illustration-showing-shape-of-deciduous-fraxinus-pallisiae-pallis-ash-tree-with-green-summer-foliage-and-bare-winter-branches-dorling-kindersley.jpg,
https://i2.nicepik.com/files/791/667/635/leaf-green-veins-foliage.jpg,
https://upload.wikimedia.org/wikipedia/commons/7/75/Agrilus_planipennis_001.jpg,
https://treeandleafblog.files.wordpress.com/2016/11/ash-sketch-01.jpg,
https://previews.123rf.com/images/ajphoto21/ajphoto211809/ajphoto21180900024/108052714-ash-tree-with-wild-red-berries-in-the-middle-of-summer-in-scotland.jpg,
https://news.virginia.edu/sites/default/files/styles/uva_basic_article/public/article_image/Rotunda_Summer08_01HR_JH_UT.jpg?itok=Z4-FHojP,
http://tree-pictures.com/autumnpurple2.jpg,
https://render.fineartamerica.com/images/rendered/small/canvas-print/mirror/break/images-square-real-5/1-white-ash-tree-in-summer-john-w-bova-canvas-print.jpg,
https://i.cbc.ca/1.4749528.1531789185!/fileImage/httpImage/image.jpg_gen/derivatives/16x9_780/cottony-ash-psyllid.jpg,
https://st4.depositphotos.com/8508600/21880/i/1600/depositphotos_218803238-stock-photo-mountain-ash-tree-summer.jpg,
http://www.hurherald.com//articles/49623/ash_9_19_12_1.jpg,
http://www.melanniesvobodasnd.org/wp-content/uploads/2013/04/Copy-4-of-IMG_0445.jpg,
https://irp-cdn.multiscreensite.com/890cfc93/import/base/1413429953466.jpg,
https://image.shutterstock.com/display_pic_with_logo/1207547/1471461374/stock-photo-cluster-of-immature-seeds-of-the-ash-tree-on-branch-among-foliage-in-summer-day-1471461374.jpg,
http://search.eaglelakenurseries.com/Content/Images/Photos/H149-22.jpg,
https://www2.palomar.edu/users/warmstrong/images/wind3b.gif,
https://mediad.publicbroadcasting.net/p/wesa/files/styles/x_large/public/201409/Ash_trees-1.jpg